{"fcos": {"AP@0.5": 0.3526518886039253, "AP@0.5:0.95": 0.11295245791807366, "AP_M": 7.4252122019572855e-06, "AP_L": 0.35528594152589277, "AR@10": 0.8351309707241911, "AR_M": 0.0625, "AR_L": 0.9181771103055412, "patient_accuracy": 0.7783398913247143, "patient_precision": 0.5095706156233833, "patient_recall": 0.8073770491803278, "patient_f1": 0.6248017760862671, "optimal_threshold": 0.47364702820777893, "roc_auc": 0.8647069129598585, "size_scheme": "coco", "size_bucket_boundaries": [1024.0, 9216.0], "threshold_holdout": 0.0}, "fcos_paper": {"AP@0.5": 0.39791582255601105, "AP@0.5:0.95": 0.12916528608529293, "AP_M": 0.00010842985159853312, "AP_L": 0.40043102187986784, "AR@10": 0.8638931689779148, "AR_M": 0.5, "AR_L": 0.9383738995339203, "patient_accuracy": 0.7985759790144276, "patient_precision": 0.5399009356081453, "patient_recall": 0.8040983606557377, "patient_f1": 0.6460322686862036, "optimal_threshold": 0.4982190728187561, "roc_auc": 0.881194925478922, "size_scheme": "coco", "size_bucket_boundaries": [1024.0, 9216.0], "threshold_holdout": 0.0}, "retinanet": {"AP@0.5": 0.4117449039169693, "AP@0.5:0.95": 0.13448848697957422, "AP_M": 0.00020546824276775833, "AP_L": 0.41390481844871635, "AR@10": 0.829994863893169, "AR_M": 0.375, "AR_L": 0.8348006214396686, "patient_accuracy": 0.8008244332021736, "patient_precision": 0.5432506887052342, "patient_recall": 0.8081967213114755, "patient_f1": 0.6497528830313015, "optimal_threshold": 0.13499127328395844, "roc_auc": 0.8912557687636629, "size_scheme": "coco", "size_bucket_boundaries": [1024.0, 9216.0], "threshold_holdout": 0.0}, "faster_rcnn": {"AP@0.5": 0.4286566275918457, "AP@0.5:0.95": 0.13706921268333389, "AP_M": 0.00018251756964004665, "AP_L": 0.43175669999703126, "AR@10": 0.8649203903441192, "AR_M": 0.3125, "AR_L": 0.8700155359917141, "patient_accuracy": 0.8225594903503841, "patient_precision": 0.5862286797220467, "patient_recall": 0.760655737704918, "patient_f1": 0.6621476988940421, "optimal_threshold": 0.8236196637153625, "roc_auc": 0.8887019833795897, "size_scheme": "coco", "size_bucket_boundaries": [1024.0, 9216.0], "threshold_holdout": 0.0}}